{
  "test_name": "LargeScaleModelTest",
  "timestamp": "2025-10-28T20:19:21.454193",
  "metrics": {
    "conversion_time": [
      30.000120878219604
    ],
    "throughput": [],
    "cpu_usage": [
      14.8,
      8.6,
      13.6,
      6.8,
      15.5,
      7.6,
      14.2,
      7.6,
      13.8,
      7.8,
      14.5,
      7.9,
      13.6,
      7.4,
      14.9,
      12.0,
      17.5,
      7.8,
      15.4,
      8.6,
      13.6,
      7.7,
      13.4,
      6.3,
      14.8,
      7.2,
      15.2,
      8.0,
      13.4,
      7.6
    ],
    "memory_usage": [
      8.4,
      8.4,
      8.5,
      8.4,
      8.4,
      8.5,
      8.4,
      8.5,
      8.5,
      8.5,
      8.5,
      8.5,
      8.5,
      8.5,
      8.5,
      8.5,
      8.5,
      8.5,
      8.5,
      8.5,
      8.5,
      8.5,
      8.5,
      8.5,
      8.5,
      8.5,
      8.4,
      8.5,
      8.5,
      8.5
    ],
    "npu_usage": []
  },
  "summary": {
    "total_tests": 1,
    "avg_conversion_time": 30.000120878219604,
    "max_conversion_time": 30.000120878219604,
    "avg_cpu_usage": 11.236666666666668,
    "avg_memory_usage": 8.48,
    "avg_throughput": 0
  }
}